{"cameraMode":{"drawMode":0,"name":"Shaded","section":"Shading Mode"},"sceneLighting":true,"audioPlay":false,"sceneViewState":{"m_AlwaysRefresh":false,"showFog":true,"showSkybox":true,"showFlares":true,"showImageEffects":true,"showParticleSystems":true,"showVisualEffectGraphs":true,"m_FxEnabled":true},"in2DMode":false,"pivot":{"x":-0.4037524461746216,"y":3.5664210319519045,"z":1.8980960845947266},"rotation":{"x":-0.02163033001124859,"y":0.9695395231246948,"z":-0.09277001023292542,"w":-0.22587326169013978},"size":5.643777370452881,"orthographic":false}